सि.नं.|दर्ता नं.|दलको नाम|दल दर्ता मिति|दलको मुख्य कार्यालय (ठेगाना)|सम्पर्क टेलिफोन/मोबाइल|प्रमुख पदाधिकारीको नाम|चिन्हको नाम
१|१|नेपाल मजदुर किसान पार्टी|२०७३-८-३०|भक्तपुर नगरपालिका-७, गोल्मढी, भक्तपुर|९८५१०८१३७९, ९८५१०७८८८५, ६६१०९७४, ६६१००२६|नारायणमान विजुक्छे|मादल
२|२|नेपाल कम्युनिष्ट पार्टी (मार्क्सवादी-लेनिनवादी)|२०७३-८-३०|रातोपुल, काठमाडौं|९८५११५०७९३, ०१-४५६९०३३|महासचिवः चन्द्रप्रकाश मैनाली|हँसिया र तारा
३|३|गान्धीवादी पार्टी नेपाल|२०७३-८-३०|महाराजगञ्ज, चुनदेवी मार्ग, काठमाडौ|९८४१४५१७३४, ९८६०९२७७२७|अध्यक्षः लाल बहादुर राना|भेडा
४|५|नागरिक शक्ति, नेपाल|२०७३-८-३०|काठमाडौं महानगरपालिका-३, लाजिम्पाट, काठमाडौ|९८५१०६६७४०, ९८५१०२२५८७, ९८४८८२६९०४|अध्यक्षः देवप्रकाश त्रिपाठी|त्रिशुल
५|६|युनाईटेड नेपाल डिमोक्राटीक पार्टी|२०७३-८-३०|काठमाडौं महानगरपालिका-९, भिमसेनगोला, काठमाडौ|९८६०४५२०२०, ९८६०४७९९००, ९८५१०८७२४१|अध्यक्षः लायन श्री मुस्कान पौडेल|पुरूष
६|७|चुरेभावर लोकतान्त्रिक पार्टी|२०७३-८-३०|नयाँवानेश्वर, काठमाडौं|९८५११८४७११|अध्यक्षः भूमिराज निरौला|भकुण्डो
७|८|राष्ट्रिय मुक्ति आन्दोलन, नेपाल|२०७३-८-३०|नागार्जुङ न.पा.-२, काठमाडौं|९८४९१५४७०३, ४३८१०१६|डा. जयवन्त विक्रम शाह|षट्कोण
८|१०|राष्ट्रिय यथार्थवादी पार्टी, नेपाल|२०७३-८-३०|काठमाडौं महानगरपालिका-१५, स्वयम्भु, काठमाडौ|९८४९७६३०६२, ९८४१२९९८२७, ९८४९१६३०३२|अध्यक्षः विष्णु बहादुर कार्की|मोटरसाइकल
९|११|नेपाल समावेशी पार्टी|२०७३-८-३०|कागेश्वरी मनहरा नगरपालिका-१३, काठमाडौ|९८५१०३४२४१|अध्यक्षः मोतीलाल भारती|सुगा
१०|१३|राष्ट्रिय एकता पार्टी प्रजातन्त्रवादी|२०७३-८-३०|काठमाडौं महानगरपालिका, ठूलो भऱ्याङ्, काठमाडौं|९८५११०५११०, ४०१५२१०|अध्यक्षः शरतचन्द्र दाहाल|
११|१४|नेपाली ग्रिन्स पार्टी|२०७३-८-३०|खुमलटार, ललितपुर|९८४१०५५४६६, ९८५११२४५६५, ५२३०५७७|सभापतिः बाबुकाजी श्रेष्ठ|हिमाल
१२|१५|नेपाल जनता पार्टी|२०७३-८-३०|कालिकास्थान, डिल्लीबजार, काठमाडौं|९८४१३६३५७४|अध्यक्षः विभूवननाव पाठक|कमलको फूल
१३|१६|राष्ट्रिय प्रजातन्त्र पार्टी|२०७३-८-३०|काठमाडौं महानगरपालिका-७, चावहिल, काठमाडौं|४४७१०७१, ९८२६७१०७०|अध्यक्षः राजेन्द्र लिङ्गदेन|हलो
१४|१९|नेपाल परिवार दल|२०७३-८-३०|काठमाडौं महानगरपालिका-१, भगवती बहाल, नक्साल, काठमाडौ|०१-४५१०५६८, ९८४१७८३२६९, ९८४९३६२५१८|अध्यक्षः एकनाथ ढकाल|साँचो
१५|२०|मधेश तराई फोरम|२०७३-८-३०|गौर नगरपालिका-५, रौतहट|९८४५०३६३७६|अध्यक्षः अमर प्रसाद यादव|बाल्टिन
१६|२१|आधुनिक नेपाल समाजवादी पार्टी|२०७३-८-३०|तारकेश्वर नगरपालिका-४, काठमाडौं|९८४१९६९७०४, ९८४१९४५३०४|अध्यक्षः कृष्ण गोपाल बन्जारा|बाघ
१७|२२|नेपाल नौलो जनवादी पार्टी|२०७३-८-३०|ललितपुर महामनगरपालिका-९, बालकुमारी, ललितपुर|९८४३१४५२५५|अध्यक्षः डा. गंगा लाल श्रेष्ठ|चुच्चोले चिट्टी बोकेर उड्न लागेको परेवा
१८|२३|जनसेवा लोकतान्त्रिक पार्टी|२०७३-८-३०|टोखा नगरपालिका, धापासी, काठमाडौं|९८५१०५८१११|अध्यक्षः भक्त बहादुर लामा|धरहरा
१९|२५|नेपाल कम्युनिष्ट पार्टी (मार्क्सवादी)|२०७३-८-३०|टोखा नगरपालिका-४, काठमाडौ|९८०३०५१२७०, ९८६०५८९२७७|अध्यक्षः अम्बिका प्रसाद चैव|कोदालो
२०|२७|नेपाल राष्ट्रवादी पार्टी|२०७३-८-३०|काठमाडौं महानगरपालिका-१५, स्वयम्भ|९८१३१०२३९१|अध्यक्षः दोर्जे लामा|
२१|२८|नेपाल कम्युनिष्ट पार्टी|२०७३-८-३०|काठमाडौं महानगरपालिका-३२, कोटेश्वर|९८४१५५४५४४|अध्यक्षः लोकनारायण सुबेदी|घन कोदालो
२२|३१|मधेशी जनअधिकार फोरम मधेश|२०७३-८-३०|बीरगञ्ज उपमहानगरपालिका-१०, गहवा, पर्सा|९८०४२४१७६५|भाग्यनाथ प्रसाद साह|चर्खा
२३|३२|नेपाल कम्युनिष्ट पार्टी (एकीकृत मार्क्सवादी लेनिनवादी)|२०७३-८-३०|तुल्सीलाल स्मृति भवन, च्यासल, ललितपुर|०१-४३७८०५५, ४३७८०९९, ९८१५०१७६८७, ९८४९८५३३६०|अध्यक्षः केपी शर्मा ओली|सूर्य
२४|३४|संघीय लोकतान्त्रिक राष्ट्रिय मत|२०७३-८-३०|काठमाडौं महानगरपालिका-९, तिलगंगा, काठमाडौ|९८६०८५१८१६|अध्यक्षः कुमार लिड्ड्रेन|दाप सहितको खुकुरी
२५|३७|नेपाल कम्युनिष्ट पार्टी (माओवादी केन्द्र)|२०७३-८-३०|काठमाडौं महानगरपालिका-३२, पेरिसडाँडा, कोटेश्वर, काठमाडौं|०१-४६०२२८८, ०१-४६०२२९०, ९८५१२२५४४०|अध्यक्षः पुष्प कमल दाहाल|गोलाकारभित्र हँसिया हथौडा
२६|३८|नेपाली कांग्रेस|२०७३-८-३०|श्री.पी. स्मृति भवन, बीपीनगर, ललितपुर|९८४१२८३०७८, ५१८३३०३, ५१८३१८९|सभापतिः शेर बहादुर देउवा|रूख
२७|४१|राष्ट्रिय जनमोर्चा|२०७३-८-३०|बुढानीलकण्ठ नगरपालिका-१२, कपन, काठमाडौं|९८४१३४७४०४, ०१-४१६४३०४|अध्यक्षः चित्र बहादुर के.सी.|गिलास
२८|४३|शिव सेना नेपाल|२०७३-८-३०|काठमाडौं-१०, शंखमुल|९८५१०७७०७८, ९८५१२४६०२१|अध्यक्षः अनिल बस्नेत|डमरू
२९|४४|बहुजन शक्ति पार्टी|२०७३-८-३०|गौशाला, पिंगलास्थान, काठमाडौ|९८४१९९६१३२|अध्यक्षः विश्वेन्द्र पासवान|जग
३०|४५|नेपाल मानवतावादी पार्टी|२०७३-८-३०|काठमाडौं महानगरपालिका-११, थापावली, बागमती पुल, काठमाडौ|९८६१३४९९८८|अध्यक्षः मेघ बहादुर कामी|इनार
३१|४८|खम्बुवान राष्ट्रिय मोर्चा, नेपाल|२०७३-८-३०|धरान उपमहानगरपालिका-११, सुनसरी|९८५११६१९३६, ९७४२०१४३३४, ९८१९०३०१६६, ९७४१२१४७११, ९८४१०८१६९७|अध्यक्षः रामकुमार राई|हथौडा
३२|४९|संघीय नेपाल पार्टी|२०७३-८-३०|काठमाडौं महानगरपालिका-३१, सिनामङ्गल, काठमाडौ|९८५५०५४६४९, ९८४७९६२५३७|अध्यक्षः रुक्मिणी चौधरी|गाग्री
३३|५१|नेपाल समाजवादी कांग्रेस|२०७३-८-३०|गौशाला, काठमाडौ|०१४११३५१०, ९८४१८३३९२२|अध्यक्षः गोविन्द प्रसाद निरौला|भुइकटहर
३४|५७|नेपाल जनता संरक्षण पार्टी|२०७३-८-३०|काठमाडौं महानगरपालिका-१०, नयाँवानेश्वर, काठमाडौ|९८४१२७४५९१, ४७८४९६२|अध्यक्षः हुकुम बहादुर लामा|डोको
३५|५८|बहुजन समाज पार्टी नेपाल|२०७३-८-३०|ललितपुर महानगरपालिका-४, बागडोल, ललितपुर||अध्यक्षः पुजन महरा|हाँस
३६|५०|जन-राष्ट्रवादी पार्टी नेपाल|२०७३-८-३०|तारकेश्वर नगरपालिका ७, चिम्बरपोखरी, काठमाडौं|९८५१२२५३२०, ९८२३६३७५१४|अध्यक्षः मिननाथ देवकोटा|पानी खोलेको धारा
३७|६१|समाजवादी पार्टी नेपाल|२०७३-८-३०|काठमाडौं महानगरपालिका-१०, पिपलबोट मार्ग, पुरानो वानेश्वर|९८५१०२४४४१, ९८५१०६०३१५|अध्यक्षः विष्णुराज अर्याल|सुकुन्दा
३८|६३|नेपाली जनता दल|२०७३-८-३०|काठमाडौं महानगरपालिका-२९, ८६/२५ संगमगल्ली, काठमाडौं|९८५१०५०२५०, ९८०१०५०२५०|अध्यक्षः हरिचरण शाह|गोरू गाडाको चक्का (पाड्यो)
३९|६४|राष्ट्रवादी एकता पार्टी|२०७३-८-३०|अनामनगर, काठमाडौ|९८४१२०८२६०, ९८१८३८०१२८|अध्यक्षः उमा श्रेष्ठ|परेवा
४०|६७|जनप्रिय लोकतान्त्रिक पार्टी|२०७३-८-३०|ललितपुर महानगरपालिका-३, पुल्चोक, ललितपुर|०१-५४३४३२२, ९८६९३७६९१६, ९८४३४०९७१४|अध्यक्षः सिडमान तामाङ|
४१|६९|लोक दस|२०७३-८-३०|काठमाडौं महानगरपालिका-३२, नरेफाँट, काठमाडौं|९८५११९१८९०|अध्यक्षः कौशल कुमार सिंह|लुगा सिउने कल
४२|७०|देशभक्त समाज|२०७३-८-३०|जमल, काठमाडौं|९८६३२२१४७०, ९८४९५८०१११, ९८६५९९६६१०|अध्यक्षः द्रोण अधिकारी|जरायो
४३|७३|मितेरी पार्टी नेपाल|२०७३-८-३०|काठमाडौं महानगरपालिका-७, गंगाहिटी, चाबहिल, काठमाडौ|९८४१४०५४८६, ९८०८२४१०६०|अध्यक्षः धनेन्द्र बहादुर बस्नेत|घोडा
४४|७८|अखण्ड सुदूरपश्चिम पार्टी नेपाल|२०७३-८-३०|काठमाडौं महानगरपालिका-३२, अनामनगर, काठमाडौं|९८२३२२९४९५, ९७४१०६३१५०, ९७५९५००६८३|अध्यक्षः खगेन्द्र राज अवस्थी|चियादानी
४५|७९|संघीय विकासवादी पार्टी नेपाल|२०७३-८-३०|कीर्तिपुर नगरपालिका-३, काठमाडौ|९८४१३८२६५६|अध्यक्षः तेज बहादुर पाल|पुल
४६|८०|राष्ट्रिय विकास पार्टी|२०७३-८-३०|काठमाडौं महानगरपालिका-१०, नयाँवानेश्वर, काठमाडौं|९८५१०२६८४७, ९८४१५९२११३|अध्यक्षः निल कुमारी|हात्ती
४७|८२|नेपाः राष्ट्रिय पार्टी|२०७३-८-३०|काठमाडौं महानगरपालिका-१३, कालिमाटी, काठमाडौ|९८५१०३०६५६|अध्यक्षः डा. विजय प्रकाश सैंज|खड्ग
४८|८४|राष्ट्रिय एकता मच|२०७३-८-३०|यराहिटी वाबुछिरी मार्ग, बालाजु|९८५१०५८९८०|अध्यक्षः विजेन्द्र लाल जोशी|औठी
४९|८५|जनजागरण पार्टी नेपाल|२०७३-८-३०|ललितपुर महानगरपालिका-७, ग्वार्को चोक, ललितपुर|९८६४१५३९९५, ९८४३५७५२८१, ९८१३६२३०७२|अध्यक्षः डा. विष्णु प्रसाद खनाल|टर्चलाइट
५०|८८|नेपालवाद|२०७३-८-३०|काठमाडौं महानगरपालिका-४, काठमाडौ|९८५१०१७९६८, ९८५१०९५९३९, ०१-४४२५८१९|किरण कुमार शर्मा पौडेल|तारापुञ्ज
५१|९४|विकासशील जनता पार्टी|२०७३-८-३०|विराटनगर-६, कटहरी, मोरङ|९८०४३७६६१६|अध्यक्षः प्रितम मुखिया|कछुवा
५२|९७|राष्ट्रिय नागरिक पार्टी|२०७३-८-३०|नागार्जुन नगरपालिका-४, खोपाटोल, काठमाडौं|९८५१०७९०४७, ९८५१३१६०३७, ९८४१२१५९१३|अध्यक्षः शुक्र बहादुर गुरुङ|चहा
५३|९९|नेपाल जनमुक्ति पार्टी|२०७३-८-३०|ललितपुर महानगरपालिका-१४, सातदोवाटो विशाल चोक, जुपिटर टोल, यर्कस्ट्रिट, घर नं. ८४|०१-५१५१५०९, ९८५२६७०८५२, ९८५२०४७८९८, ९८५१००१८९९|अध्यक्षः खडग प्रसाद पालुङ्वा|घर
५४|१००|जनसमाजवादी पार्टी, नेपाल|२०७३-८-३०|कलंकी, काठमाडौँ|९८५१०६७३७९, ९८४१६९८६५५, ४४८७७२१|अध्यक्षाः सुवासराज काफ्ले|सेतो पृष्ठभुमिमा रातो पाँच कुने तारा
५५|१०१|विमल नेपाल|२०७३-८-३०|काठमाडौं महानगरपालिका-३, लोसाल, चप्पल कारखाना (धुम्बराही)|९८६६२९०३४१, ०१-५२००६४५|अध्यक्षः भरतमणि दाहाल|ओदान
५६|१०६|राष्ट्रवादी युवा मोर्चा|२०७३-८-३०|ललितपुर, सानेपा २|५५२५३६१, ९८५१११४१५१|अध्यक्षः श्याम कुमार थापा|चस्मा
५७|११०|नेपाल समाजवादी पार्टी (लोहियावादी)|२०७३-८-३०|काठमाडौँ महानगरपालिका-३१, नयाँवानेश्वर|९८५५०३३६००|अध्यक्षः नन्दन यावद|मेच
५८|१११|इतिहासिक जनता पार्टी|२०७३-८-८|जनकपुर उपमहानगरपालिका-१३, पिरारी चोक, जनकपुरधाम, धनुषा|९८६४२२५८५८, ९८०७६०९४४९|अध्यक्षः बदि नारायण ठाकुर|ट्याक्टर
५९|११४|आमूल परिवर्तन रिपब्लिकन पार्टी नेपाल|२०७३-१२-१|का.म.न.पा. ३१, नयावानेश्वर, काठमाडौ|९८०११२०५८९|अध्यक्षः भरत गिरी|प्रेम
६०|११९|जन प्रजातान्त्रिक पार्टी, नेपाल|२०७३-१२-१|काठमाडौं महानगरपालिका-३, वसुन्धारा, काठमाडौं|०१-५९१०१२५, ९८६५१६४९५७|अध्यक्षः ज्ञान बहादुर तामाङ|गैंडा
६१|१२१|मंगोल नेशनल अर्गनाइजेशन|२०७३-१२-१|गोकर्णेश्वर नगरपालिका-८, गोकर्णेश्वर बैंक्वेट अगाडिको घर नं. ०८/०१८, काठमाडौ|९८४२०९१४३२, ९८५११२३७२६|अध्यक्षः बुद्धलाल मेचे|कुखुराको भाले
६२|१२२|नेपाल संघीय समाजवादी पार्टी|२०७३-१२-१|विजुली बजार, काठमाडौ|९८५१२४४०८६, ०१४७८६२६२|अध्यक्षः मो. रिजवान अन्सारी|बस
६३|१२४|आम आदमी पार्टी नेपाल|२०७३-१२-१|नयाँवानेश्वर, काठमाडौं||अध्यक्षः अशोक कुमार यादव|
६४|१२५|राष्ट्रिय समाजवादी पार्टी नेपाल|२०७३-१२-१|बल्खु, काठमाडौ|९८४३३३४३७०, ९८५१००४०८२, ९८५१०७६१३९, ०१४२८९३८०|अध्यक्षः रुद्रजंग पुलामी|पृथ्वी
६५|१३०|नेपालका लागि नेपाली पार्टी|२०७४-३-२८|चप्पल कारखाना, काठमाडौ|०१-४३७९२६४, ९८५११००३३४, ९८४७३७१९७८|अध्यक्षः बालकृष्ण न्यौपाने|गोलाकार भित्र शंड
६६|१३१|संघीय खम्बुवान लोकतान्त्रिक पार्टी नेपाल|२०७४-३-३०|धरान-६, सुनसरी|९८५२०६३७८३, ९८४१२५९९०७|अध्यक्षः ज्ञानसेर राई|हवाईजहाज
६७|१३४|नेपाली कांग्रेस (बी.पी.)|२०७४-३-३०|काठमाडौं महानगरपालिका-२६, गंगबु आवासक्षेत्र, काठमाडौं|९८५११०५१६१, ९८४१८८५१४१|सभापतिः सुशिलमान शेरचन|करूया
६८|१३८|विवेकशील साझा पार्टी|२०७४-५-२|बखुन्डोल, ललितपुर|०१-५९२३५२५, ९८५१०६७५०८, ९७६५३४०४५०|अध्यक्षः समिक्षा बासकोटा|तराजु
६९|१४०|सामाजिक लोकतान्त्रिक पार्टी|२०७४-१२-२|वाफलचोक ग्वार्को, ललितपुर|९८५११४७७८४, ९८४१२८०९७४|अध्यक्षः कुमार राई|तीन ढुड्गे अधिनो
७०|१४१|प्रजातान्त्रिक पार्टी नेपाल|२०७४-१२-२|काठमाडौं महानगरपालिका-१६, पकनाजोल, काठमाडौं|९८४९८१०५०४, ९८४१३१८०५८|अध्यक्षः नरेन्द्र मान सि श्रेष्ठ|रच
७१|१४२|नेपाल मातृभूमि पार्टी|२०७४-१२-२|टोखा नगरपालिका, घर नं. २२०, बसुन्धराचोक काठमाडौ|९८५१०२६३१४, ०१४९५०२०५|अध्यक्षः ओम प्रकाश विश्वकर्मा|बलिरहेको दियो
७२|१४६|नेपाल लोकतान्त्रिक पार्टी|२०७५-४-३१|ज्ञानेश्वर, काठमाडौ|९८४१३९६९६७, ०१५९१०८११३/१२|अध्यक्षः गीता क्षेत्री|दुई हात जोडेको नमस्कार
७३|१४७|राष्ट्रिय जनमुखी पार्टी लोकतान्त्रिक|२०७५-५-२४|जनकपुरधाम, धनुषा|९८४१६४७०८०|संयोजकः श्री रितेश कुमार सिंह|रेडियो
७४|१४९|राष्ट्रिय प्रजातन्त्र पार्टी नेपाल|२०७५-१२-२५|काठमाडौं महानगरपालिका-४, विशालनगर, काठमाडौ|९८५१०१४५२३, ०१५९११५५५, ९८५१०००८०५|अध्यक्षः कमल थापा|तीर
७५|१५०|जनमत पार्टी|२०७६-०२-०६|काठमाडौं महानगरपालिका-१०, महादेवस्थान मार्ग, काठमाडौ|९८१७६४४७७५, ९८०४७९३८८०, ०१-६६३०५८३|अध्यक्षः चन्द्रकान्त राउत|लाउड स्पिकर
७६|१५२|मौलिक जरोकिलो पार्टी|२०७६-४-२३|कागेश्वरी मनहरा-४ डाँछी, काठमाडौं|९८६५५८७३२२|अध्यक्षः शुसिल गौतम|कम्प्युटर (किबोर्ड सहितको कम्प्युटर)
७७|१५३|माओवादी कम्युनिष्ट पार्टी, नेपाल|२०७६-०५-१५|गौशाला, काठमाडौ|९८६५२२६९२५, ९८६००३६७९०|महासचिवः राम नारायण प्रसाद पात|हलो जोतिरहेको किसान
७८|१५४|नेपाल कम्युनिष्ट पार्टी मार्क्सवादी (पुष्पलाल)|२०७६-०५-१५|बूढानीलकण्ठ नगरपालिका-१, काठमाडौं|९८४१५३३६८६, ०१-४६५०४०९|महासचिवः मानध्वज गुरुङ|गैती
७९|१५५|नेपाल सदभावना पार्टी|२०७६-०८-२६|जनकपुर उपमहानगरपालिका, जनकपुरधाम, धनुषा|९८५४०२७७०८, ९८१५८३२०१२|अध्यक्षः अनिल झा|पजा छाप
८०|१५६|राष्ट्रिय साझा पार्टी|२०७६-०८-२७|धरान उपमहानगरपालिका-११, सुनसरी|९८१४३२६८८५, ९८१४३४४९९१|भूपि राई|ढाका टोपी
८१|१५८|माओवादी जनमुक्ति पार्टी नेपाल|२०७६-१२-२०|सुकेधारा, काठमाडौ|९८१९०७१५०१|अध्यक्षः राम वहादुर गुरुङ|कुचो
८२|१५९|जनता समाजवादी पार्टी, नेपाल|२०७७-३-२५|बालकुमारी, ललितपुर|९८५१२०९५५७, ०१-५१८६३९२|अध्यक्षः उपेन्द्र यादव|इल्केको छाता
८३|१६०|जनताको जनवादी पार्टी, नेपाल|२०७७-५-३|काठमाडौँ महानगरपालिका-१०, नयाँवानेश्वर|९८४०१७७०९२, ९८६०३९२६६८|अध्यक्षः सन्ध्या लिवारी|फणा उठाएको नाग (सर्प)
८४|१६१|सचेत नेपाली पार्टी|२०७७-१०-०९|बागबजार, काठमाडौ|९८५१०१२५१३, ९८४१४५२६०२|संयोजकः पुष्य प्रसाद प्रसाई|काँधमा जगर भएको भाले सिंह
८५|१६२|नेश्नलिष्ट पिपल्स पार्टी|२०७७-११-११|काठमाडौं महानगरपालिका-१०, नयाँ बानेश्वर, काठमाडौं|९८७५३७००९१, ९८५१०२१३५६|अध्यक्षः इन्द्र बहादुर थापा|लाटोकोसेरो
८६|१६४|नेपाल कम्युनिष्ट पार्टी (लोकतान्त्रिक)|२०७८-३-०६|काठमाडौं महानगरपालिका-११, बानेधर काठमाडौ|९८५५०८६०८५|अध्यक्षः सुदिप रूवाली|गोलाकार भित्र आधा चन्द्रमा
८७|१६५|नेपाल कम्युनिष्ट पार्टी परिवर्तन|२०७८-४-४|काठमाडौं महानगरपालिका-१३, कालिमाटी, काठमाडौं|९८४१२३७५०८, ९८६६२६७९८९|अध्यक्षः जोगमान लामा|मावि चराको प्रतिक भएको डम्फु
८८|१६६|नेपाल कम्युनिष्ट पार्टी (एकीकृत समाजवादी)|२०७८-५-९|नयाँ बानेश्वर, काठमाडौ|०१-४१०६३०२|अध्यक्षः माधव कुमार नेपाल|कलम
८९|१६७|लोकतान्त्रिक समाजवादी पार्टी नेपाल|२०७८-५-९|बबरमहल, काठमाडौ|९८५१००६६६६, ०१-५३२८०४५, ९८४९३५४४०२|अध्यक्षः महन्थ ठाकुर|साइकल
९०|१६८|बहुजन एकता पार्टी नेपाल|२०७८-५-१८|काठमाडौं महानगरपालिका-१६, काठमाडौ|९८४४०५२६२०, ९८०७६६२७१३, ९८०१६८४०००|अध्यक्षः हरिनन्दन कुमार रंजन|सातवटा खुड्किला भएको भन्याड
९१|१६९|समाजवादी केन्द्र, नेपाल|२०७८-५-२३|काठमाडौं महानगरपालिका-३१, काठमाडौं|९८४९७७७०९२, ९८५१३२४३५७|अध्यक्षः युबराज पौडेल|नाच्दै गरेको मयुर
९२|१७०|नेपाल कम्युनिष्ट पार्टी (समाजवादी)|२०७८-५-२८|बुढानीलकण्ठ नगरपालिका-७, काठमाडौं|९८४५४७४३४४|संयोजकः राजु काकी|कार
९३|१७१|राष्ट्रिय सदभावना पार्टी|२०७८-७-१४|मलंगवा, सर्लाही|९८४४०३३२०६|अध्यक्षः नृपेन्द्र कुमार सिंह|गदा
९४|१७२|उत्न्नत लोकतन्त्र पार्टी|२०७८-७-१४|काठमाडौं महानगरपालिका-२९, काठमाडौं|९८५१०१७७१०|अध्यक्षः भद्र प्रसाद नेपाल|खुला किताब
९५|१७३|राष्ट्रिय जनता पार्टी नेपाल|२०७८-७-१६|काठमाडौं महानगरपालिका-११, काठमाडौं|९८५४०२२४७२|अध्यक्षः हरि नारायण यादव|दायाँ हातले समातेको मसाल
९६|१७४|नेपाल विवेकशील पार्टी|२०७८-७-३०|काठमाडौं महानगरपालिका-१, काठमाडौं|९८६२७४९६६३, ९८२३६१३७७२, ९८४१२११६८४|कर्मा लामा तामाङ|कुकुरको टाउको
९७|१७५|तराई-मधेश लोकतान्त्रिक पार्टी|२०७८-८-९|जनकपुर उपमहानगरपालिका, जनकपुर, धनुषा|९८४४०२८७०६|रवि शंकरकुमार कर्ण|लोककला कोरिएको गाग्रोमा आँपको कलश र त्यस माधि नरिवल
९८|१७६|नेपाल जनएकता पार्टी|२०७८-०९-१६|कलंकी, काठमाडौ|९८५१११२६७९, ९८४१३५२३९८, ९८५१०९१२०१|बावुचन्द्र ढकाल|पाँच मुखे रुद्राक्षको दाना
९९|१७८|आम जनता पार्टी|२०७८-०९-३०|काठमाडौं महानगरपालिका-३१, काठमाडौ|९८४१२६५५०३|अध्यक्षः प्रभु शाह|मोवाइल
१००|१७९|जनता प्रगतिशील पार्टी, नेपाल|२०७८-११-०३|काठमाडौं महानगरपालिका-१०, काठमाडौं|९८५१००२२२२, ९८४१५३२०६४|अध्यक्षः हृदयेश त्रिपाठी|कोदालो बोकेको किसान
१०१|१८०|संयुक्त नागरिक पार्टी|२०७८-११-०३|काठमाडौं महानगरपालिका-११, थापाथली, काठमाडौं|९८५००७६५३, ९८४०६१६३२१|अध्यक्षः दल मर्दन कामी|गितार
१०२|१८१|नागरिक उन्मुक्ति पार्टी|२०७८-११-०३|डिल्लीबजार, काठमाडौं|९८५१२४९९५४, ९८५११५३५६१|अध्यक्षः रन्जिता श्रेष्ठ|पिंध भएको सादा ढकिया
१०३|१८२|नेपाल समाजवादी पार्टी (नयाँ शक्ति)|२०७८-११-०५|काठमाडौं महानगरपालिका-३२, सुविधानगर, काठमाडौ|९८०८२१३६३०, ९८५११५३५६१८, ९८५११७६६६०|अध्यक्षः बाबुराम भट्टराई|खुलेको एक आँखा
१०४|१८३|साझा पार्टी, नेपाल|२०७८-११-०४|काठमाडौं महानगरपालिका-२९, काठमाडौ|९८४१७८११९६, ९८६५९३६७४४|प्रभाष वस्न्यात|दुइ वटा पैताला छाप
१०५|१८४|नेपाल कम्युनिष्ट पार्टी (गौरवशाली)|२०७८-११-०४|काठमाडौं महानगरपालिका-२९, काठमाडौ|९८४९७००१२३|अध्यक्षः भविसोर पराजुली|स्याउ
१०६|१८५|नेपाल कम्युनिष्ट पार्टी माओवादी समाजवादी|२०७८-११-१०|चावहिल, काठमाडौं|९८५११३८६४७, ९८५१०९९५४९|अध्यक्षः कर्णजित बुद्धचोकी|महिला पुरुष
१०७|१८६|देशभक्त लोकतान्त्रिक पार्टी, नेपाल|२०७८-११-२९|चावहिल, काठमाडौं|९८५१०६५४९८, ०१-४३७५७८१|अध्यक्षः मनमोहन शमशेर राणा|खुलेको ताला
१०८|१८७|राष्ट्रिय स्वतन्त्र पार्टी|२०७९-०३-१७|काठमाडौं महानगरपालिका-१६, चःमति, वनस्थली, काठमाडौ|०१-५९१४५९१, ९८५१३६०६६६, ९८५१२२०६९९|सभापतिः रवि लामिछाने|घण्टी
१०९|१८८|हाम्रो नेपाली पार्टी|२०७९-०३-२९|ललितपुर महानगरपालिका-२, सानेपा, ललितपुर|९८५१११२३२४, ९८४११००२४४|अध्यक्षः अनन्तराज घिमिरे|लौरो
११०|१८९|पुनर्जागरण पार्टी, नेपाल|२०७९-४-१२|काठमाडौं महानगरपालिका-७, चावहिल, काठमाडौं|९८५१००७४१३|अध्यक्षः श्याम चाबु गौतम|बलिरहेको मैनबत्ती
१११|१९०|नेपाल कम्युनिष्ट पार्टी एकता राष्ट्रिय अभियान|२०७९-४-१२|ललितपुर महानगरपालिका-२५, सैबु आवास क्षेत्र भैसीपाटी, ललितपुर|९८६९१३३६८१, ९८५११२०५३८|संयोजकः वामदेव गौतम|दुई रेखा भएको अर्ध गोलाकार भित्र झुकेका धानका तीन बाला
११२|१९१|समावेशी समाजवादी पार्टी नेपाल|२०७९-११-१४|काठमाडौं महानगरपालिका-१०, बानेश्वर, काठमाडौ|९८५११००४७३|अध्यक्षः किसोर कुमार विश्वास|भित्ते घडी
११३|१९२|जय जन्मभूमि पार्टी नेपाल|२०७९-११-१४|नागार्जुन नगरपालिका-१, काठमाडौ|९८५७०३२१४९, ९८४६०९७२६०, ९८५१०८९५८१|अध्यक्षः धन बहादुर वापा|छत्रे टोपी
११४|१९३|राष्ट्रवादी केन्द्र नेपाल|२०७९-१२-२६|चापाथली, काठमाडौं|९८५१०१८३५१|अध्यक्षः चन्द्र बहादुर थापा|लालटिन
११५|१९४|राष्ट्रिय समता पार्टी नेपाल|२०७९-१२-२६|काठमाडौं महानगरपालिका-१४, कलंकी, काठमाडौ|९८५१०७२३०८, ९८४५१९२०७३|विजय प्रकाश निषाद|माथिपट्टि फर्केको धनुष
११६|१९५|प्रगतिशील समाजवादी पार्टी|२०८०-०९-२९|तारकेधर नगरपालिका-८, वेशीनगर, काठमाडौं|९८५११३८०४१||
११७|१९६|नेशनल रिपब्लिक नेपाल|२०८०-११-०९|काठमाडौं महानगरपालिका-२, धोबीचौर, काठमाडौं|९८४७२६०९०२|प्रेसिडेण्टः थम्मन बहादुर बुढा मगर|उडिरहेको माहुरी
११८|१९७|राष्ट्रिय मातृभूमि पार्टी|२०८०-११-२३|काठमाडौं महानगरपालिका-९, बत्तीसपुतली, काठमाडौ|९८५७०५९९९४, ९८४७०२५९९४, ४२०३७४, ०१-५९१०७६२|अध्यक्षः रामशरण पाण्डे|काखमा बच्चा लिएकी आमा
११९|१९८|जनता समाजवादी पार्टी|२०८१-०१-२४|ललितपुर महानगरपालिका-७, चक्रपथको ग्वार्को चोक, ललितपुर|०१-४२११०२६, ९८६२३५५२९०|अध्यक्षः अशोक कुमार राई|
१२०|१९९|परिवर्तन पार्टी|२०८१-०६-२१|काठमाडौं महानगरपालिका-३, काठमाडौं|९७६५२५९७६४, ९८६३९७६५४५|अध्यक्षः रमेश नाल्बु|पुतली
१२१|२००|नेपाल जनजागृति पार्टी|२०८१-०८-१९|महागढीमाई नगरपालिका-३, बेनौली, पिप्राडी चौक, वारा|९८०६८०१५१०|अध्यक्षः धुपलाल प्रसाद सहनी|माछा
१२२|२०१|राष्ट्रिय मुक्ति पार्टी नेपाल|२०८१-१०-०८|काठमाडौं महानगरपालिका वडा नं. १०, शङ्खमुल, काठमाडौं|९८४१२८०७३४, ९८५१०६००३०|अध्यक्षः राजेन्द्र महतो|ग्याँस सिलिण्डर
१२३|२०२|राष्ट्रिय जनमुक्ति पार्टी|२०८२-०६-२४|चप्पल कारखाना, जनमार्ग, काठमाडौं|९८५१००२१४४|केशव बहादुर थापा मगर|हात मिलाएको
१२४|२०३|जनस्वराज पार्टी|२०८२-०६-२८|सूर्यविनायक-३, भक्तपुर|९८५१०५०७६७|दिपक कुमार साह|
